{"cameraMode":{"drawMode":0,"name":"Shaded","section":"Shading Mode"},"sceneLighting":true,"audioPlay":false,"sceneViewState":{"showFog":true,"showMaterialUpdate":false,"showSkybox":true,"showFlares":true,"showImageEffects":true,"showParticleSystems":true},"in2DMode":false,"pivot":{"x":14.494415283203125,"y":18.015625,"z":-8.4296875},"rotation":{"x":0.11076608300209046,"y":0.010435184463858605,"z":-0.0011630873195827008,"w":0.9937909245491028},"size":12.714556694030762,"orthographic":true}